epoch,accuracy,loss,val_accuracy,val_loss
0,0.5,4.0282301902771,0.5,2.6361231803894043
1,0.800000011920929,0.7305302619934082,0.5,1.9262886047363281
2,0.7900000214576721,0.7096612453460693,0.6499999761581421,0.9022666215896606
3,0.7799999713897705,0.5737994909286499,0.875,0.38382476568222046
4,0.949999988079071,0.11577600240707397,0.75,0.41153663396835327
