epoch,accuracy,loss,val_accuracy,val_loss
0,0.5950000286102295,1.4107415676116943,0.8999999761581421,0.3123992681503296
1,0.8100000023841858,0.4458967447280884,0.8999999761581421,0.2559433579444885
2,0.7900000214576721,0.48082801699638367,0.8500000238418579,0.27284756302833557
3,0.8700000047683716,0.3217078447341919,0.7749999761581421,0.4429580271244049
4,0.8774999976158142,0.29112038016319275,0.8999999761581421,0.25330299139022827
