epoch,accuracy,loss,val_accuracy,val_loss
0,0.6166666746139526,1.7719781398773193,0.8999999761581421,0.36836355924606323
1,0.6933333277702332,0.6482147574424744,0.75,0.628546416759491
2,0.7933333516120911,0.473848819732666,0.675000011920929,0.5580621361732483
3,0.8133333325386047,0.4044705629348755,0.8500000238418579,0.3818911015987396
4,0.8866666555404663,0.24741831421852112,0.925000011920929,0.24249839782714844
